Name,Ratings,Reviews,Phone,Website,Address,Link
L&L Hawaiian Barbecue,3.9,295,+1 415-956-2888,hawaiianbarbecue.com,"312 Kearny St, San Francisco, CA 94108, United States",https://www.google.com/maps/place/L%26L+Hawaiian+Barbecue/data=!4m7!3m6!1s0x8085808980cdae4f:0xf259696b7f4b1a6d!8m2!3d37.7910123!4d-122.4039719!16s%2Fm%2F04fhh66!19sChIJT67NgImAhYARbRpLf2tpWfI?authuser=0&hl=en&rclk=1
Rich Table,4.7,1356,+1 415-355-9085,richtablesf.com,"199 Gough St, San Francisco, CA 94102, United States",https://www.google.com/maps/place/Rich+Table/data=!4m7!3m6!1s0x8085809f40b8fd87:0x7b5e765335d416ff!8m2!3d37.7748657!4d-122.4228497!16s%2Fg%2F11h18mfkk!19sChIJh_24QJ-AhYAR_xbUNVN2Xns?authuser=0&hl=en&rclk=1
Lazy Bear,4.8,1031,+1 415-874-9921,lazybearsf.com,"3416 19th St, San Francisco, CA 94110, United States",https://www.google.com/maps/place/Lazy+Bear/data=!4m7!3m6!1s0x808f7e3c8b5b7e93:0x7e267bfa507a2912!8m2!3d37.7604119!4d-122.4197156!16s%2Fg%2F11b63f5_6r!19sChIJk35bizx-j4AREil6UPp7Jn4?authuser=0&hl=en&rclk=1
Sotto Mare,4.6,4216,+1 415-398-3181,sottomaresf.com,"552 Green St, San Francisco, CA 94133, United States",https://www.google.com/maps/place/Sotto+Mare/data=!4m7!3m6!1s0x808580f15632f641:0xa45875806e285c25!8m2!3d37.7997503!4d-122.4083449!16s%2Fm%2F04fhr_9!19sChIJQfYyVvGAhYARJVwoboB1WKQ?authuser=0&hl=en&rclk=1
N/A,N/A,N/A,N/A,N/A,"N/A",https://www.google.com/maps/place/State+Bird+Provisions/data=!4m7!3m6!1s0x808580b9a406b943:0x696de890da9ee029!8m2!3d37.7836806!4d-122.4330028!16s%2Fm%2F0xmdqk9!19sChIJQ7kGpLmAhYARKeCe2pDobWk?authuser=0&hl=en&rclk=1
House of Prime Rib,4.7,6224,+1 415-885-4605,houseofprimerib.net,"1906 Van Ness Ave, San Francisco, CA 94109, United States",https://www.google.com/maps/place/House+of+Prime+Rib/data=!4m7!3m6!1s0x808580ea69dcae83:0x3ef25abd292344d9!8m2!3d37.7934329!4d-122.422732!16s%2Fg%2F1tfctfv7!19sChIJg67caeqAhYAR2UQjKb1a8j4?authuser=0&hl=en&rclk=1
Waterbar Restaurant,4.5,3831,+1 415-284-9922,waterbarsf.com,"399 The Embarcadero, San Francisco, CA 94105, United States",https://www.google.com/maps/place/Waterbar+Restaurant/data=!4m7!3m6!1s0x808580701a2e7981:0xaf3b5f75b122566d!8m2!3d37.7904926!4d-122.3890417!16s%2Fm%2F04fjw_z!19sChIJgXkuGnCAhYARbVYisXVfO68?authuser=0&hl=en&rclk=1
Gary Danko,4.6,1968,+1 415-749-2060,garydanko.com,"800 North Point St, San Francisco, CA 94109, United States",https://www.google.com/maps/place/Gary+Danko/data=!4m7!3m6!1s0x808580e125367eab:0x8ee57d9f647dbc1!8m2!3d37.8058651!4d-122.4206043!16s%2Fm%2F01znl1j!19sChIJq342JeGAhYARwdtH9tlX7gg?authuser=0&hl=en&rclk=1
Sons & Daughters,4.6,321,+1 415-994-7933,sonsanddaughterssf.com,"Between Mason &, 708 Bush Street, Powell St, San Francisco, CA 94108, United States",https://www.google.com/maps/place/Sons+%26+Daughters/data=!4m7!3m6!1s0x8085808c3ac875bd:0xb69a9d75abb1e87b!8m2!3d37.7902449!4d-122.409088!16s%2Fg%2F11bwf5vhwt!19sChIJvXXIOoyAhYARe-ixq3WdmrY?authuser=0&hl=en&rclk=1
Nopa,4.5,2787,+1 415-864-8643,nopasf.com,"560 Divisadero St, San Francisco, CA 94117, United States",https://www.google.com/maps/place/Nopa/data=!4m7!3m6!1s0x808580afc823d4fd:0x58725c5c1643cf05!8m2!3d37.7749009!4d-122.4375083!16s%2Fm%2F04fhw5p!19sChIJ_dQjyK-AhYARBc9DFlxcclg?authuser=0&hl=en&rclk=1
Trestle Restaurant,4.6,1080,+1 415-772-0922,trestlesf.com,"531 Jackson St, San Francisco, CA 94133, United States",https://www.google.com/maps/place/Trestle+Restaurant/data=!4m7!3m6!1s0x808580f4d6db7e5d:0xffdcfce353003dbc!8m2!3d37.7961962!4d-122.4045409!16s%2Fg%2F11byfln3_q!19sChIJXX7b1vSAhYARvD0AU-P83P8?authuser=0&hl=en&rclk=1
Brenda's French Soul Food,4.5,5782,+1 415-345-8100,frenchsoulfood.com,"652 Polk St, San Francisco, CA 94102, United States",https://www.google.com/maps/place/Brenda%27s+French+Soul+Food/data=!4m7!3m6!1s0x808580974839db67:0xa78fa85ec6c57d21!8m2!3d37.7829132!4d-122.4188995!16s%2Fg%2F1tfst318!19sChIJZ9s5SJeAhYARIX3Fxl6oj6c?authuser=0&hl=en&rclk=1
Fog Harbor Fish House,4.5,7741,+1 415-969-2010,fogharbor.com,"39 pier, San Francisco, CA 94133, United States",https://www.google.com/maps/place/Fog+Harbor+Fish+House/data=!4m7!3m6!1s0x808580fc8bb3211d:0x5a423e79bde2d7a6!8m2!3d37.8089886!4d-122.4102974!16s%2Fg%2F1tlc890x!19sChIJHSGzi_yAhYARptfivXk-Qlo?authuser=0&hl=en&rclk=1
Delancey Street Restaurant,4.5,1460,+1 415-512-5179,delanceystreetfoundation.org,"600 The Embarcadero, San Francisco, CA 94107, United States",https://www.google.com/maps/place/Delancey+Street+Restaurant/data=!4m7!3m6!1s0x808580770df6174d:0x8be3ee157d693ab2!8m2!3d37.7843599!4d-122.3884342!16s%2Fm%2F04fjq0y!19sChIJTRf2DXeAhYARsjppfRXu44s?authuser=0&hl=en&rclk=1
Kokkari Estiatorio,4.7,2983,+1 415-981-0983,kokkari.com,"200 Jackson St, San Francisco, CA 94111, United States",https://www.google.com/maps/place/Kokkari+Estiatorio/data=!4m7!3m6!1s0x80858060747de94d:0xb3d399f14d2b6c40!8m2!3d37.7970323!4d-122.3997559!16s%2Fg%2F1tj8062w!19sChIJTel9dGCAhYARQGwrTfGZ07M?authuser=0&hl=en&rclk=1
Boulevard,4.6,1545,+1 415-543-6084,boulevardrestaurant.com,"1 Mission St, San Francisco, CA 94105, United States",https://www.google.com/maps/place/Boulevard/data=!4m7!3m6!1s0x808580644adbec17:0x34b391d08d9fe6bc!8m2!3d37.7932697!4d-122.3928679!16s%2Fg%2F11bw8f1cs_!19sChIJF-zbSmSAhYARvOafjdCRszQ?authuser=0&hl=en&rclk=1
Scoma's Restaurant,4.6,5983,+1 415-771-4383,scomas.com,"1965 Al Scoma Way, San Francisco, CA 94133, United States",https://www.google.com/maps/place/Scoma%27s+Restaurant/data=!4m7!3m6!1s0x808580fc871ec6ad:0x976bca61020dcc34!8m2!3d37.808932!4d-122.4184329!16s%2Fg%2F11fz812fpl!19sChIJrcYeh_yAhYARNMwNAmHKa5c?authuser=0&hl=en&rclk=1
Birdsong,4.7,405,+1 415-369-9161,birdsongsf.com,"1085 Mission St, San Francisco, CA 94103, United States",https://www.google.com/maps/place/Birdsong/data=!4m7!3m6!1s0x808580837c6f0b4f:0x8b8b97cdd11ec11c!8m2!3d37.7793925!4d-122.4103825!16s%2Fg%2F11fx7p89tg!19sChIJTwtvfIOAhYARHMEe0c2Xi4s?authuser=0&hl=en&rclk=1
Cotogna,4.6,1809,+1 415-775-8508,cotognasf.com,"490 Pacific Ave, San Francisco, CA 94133, United States",https://www.google.com/maps/place/Cotogna/data=!4m7!3m6!1s0x808580f5182f4603:0x355bdd340d9a7979!8m2!3d37.7974453!4d-122.4035759!16s%2Fm%2F0zc1tfb!19sChIJA0YvGPWAhYAReXmaDTTdWzU?authuser=0&hl=en&rclk=1
The Morris,4.7,557,+1 415-612-8480,themorris-sf.com,"2501 Mariposa St, San Francisco, CA 94110, United States",https://www.google.com/maps/place/The+Morris/data=!4m7!3m6!1s0x808f7e310d3891a9:0xc9872041746a8751!8m2!3d37.7629795!4d-122.4084796!16s%2Fg%2F11cs1vrpyw!19sChIJqZE4DTF-j4ARUYdqdEEgh8k?authuser=0&hl=en&rclk=1
Quince,4.6,624,+1 415-775-8500,quincerestaurant.com,"470 Pacific Ave, San Francisco, CA 94133, United States",https://www.google.com/maps/place/Quince/data=!4m7!3m6!1s0x808580bf9d87b8f1:0xfbe6db33303c954a!8m2!3d37.7974735!4d-122.4032962!16s%2Fm%2F04fhj2w!19sChIJ8biHnb-AhYARSpU8MDPb5vs?authuser=0&hl=en&rclk=1
Octavia,4.6,713,+1 415-408-7507,octavia-sf.com,"1701 Octavia St, San Francisco, CA 94109, United States",https://www.google.com/maps/place/Octavia/data=!4m7!3m6!1s0x808580bf768c7db3:0xe3bc0ff2f5356266!8m2!3d37.7879648!4d-122.4271064!16s%2Fg%2F11byckt7y_!19sChIJs32Mdr-AhYARZmI19fIPvOM?authuser=0&hl=en&rclk=1
Frances,4.7,671,+1 415-621-3870,frances-sf.com,"3870 17th St, San Francisco, CA 94114, United States",https://www.google.com/maps/place/Frances/data=!4m7!3m6!1s0x808f7e1b9ca42d93:0xcf5880e1df51075c!8m2!3d37.7627657!4d-122.4322519!16s%2Fm%2F0bd64wt!19sChIJky2knBt-j4ARXAdR3-GAWM8?authuser=0&hl=en&rclk=1
Californios,4.7,455,+1 415-757-0994,californiossf.com,"355 11th St, San Francisco, CA 94103, United States",https://www.google.com/maps/place/Californios/data=!4m7!3m6!1s0x808f7e38c2f4f021:0x752aa9a19541656d!8m2!3d37.7714672!4d-122.4128723!16s%2Fg%2F11b6b70rrp!19sChIJIfD0wjh-j4ARbWVBlaGpKnU?authuser=0&hl=en&rclk=1
Fino,4.6,872,+1 415-928-2080,finoristorante.squarespace.com,"624 Post St, San Francisco, CA 94109, United States",https://www.google.com/maps/place/Fino/data=!4m7!3m6!1s0x8085808e1afde7e7:0x7e8062403f2e62a5!8m2!3d37.7880083!4d-122.4123472!16s%2Fg%2F12cp6264w!19sChIJ5-f9Go6AhYARpWIuP0BigH4?authuser=0&hl=en&rclk=1
Hillstone,4.4,1948,+1 415-392-9280,hillstonerestaurant.com,"1800 Montgomery St, San Francisco, CA 94111, United States",https://www.google.com/maps/place/Hillstone/data=!4m7!3m6!1s0x808580f9c5f7addd:0xffbd2eca83ced6e6!8m2!3d37.805984!4d-122.405143!16s%2Fg%2F11g_2pbpj!19sChIJ3a33xfmAhYAR5tbOg8ouvf8?authuser=0&hl=en&rclk=1
Spruce,4.6,1565,+1 415-931-5100,sprucesf.com,"3640 Sacramento St, San Francisco, CA 94118, United States",https://www.google.com/maps/place/Spruce/data=!4m7!3m6!1s0x808587317bf94eff:0xb16d662a9194be31!8m2!3d37.7876049!4d-122.4527851!16s%2Fm%2F04fj82l!19sChIJ_075ezGHhYARMb6UkSpmbbE?authuser=0&hl=en&rclk=1
Original Joe's,4.5,2966,+1 415-775-4877,originaljoes.com,"601 Union St, San Francisco, CA 94133, United States",https://www.google.com/maps/place/Original+Joe%27s/data=!4m7!3m6!1s0x808580f1118b217d:0x3937c8b9b320c10b!8m2!3d37.8001849!4d-122.4093139!16s%2Fg%2F12214dzd2!19sChIJfSGLEfGAhYARC8Egs7nINzk?authuser=0&hl=en&rclk=1
Mourad,4.6,1606,+1 415-660-2500,mouradsf.com,"140 New Montgomery St #1, San Francisco, CA 94105, United States",https://www.google.com/maps/place/Mourad/data=!4m7!3m6!1s0x8085807d3f01a483:0xa8e386b194f11d36!8m2!3d37.7867734!4d-122.3999748!16s%2Fg%2F11b6_fscmm!19sChIJg6QBP32AhYARNh3xlLGG46g?authuser=0&hl=en&rclk=1
Ula Restaurant & Tapas Bar,4.2,345,+1 415-999-4950,ulasf.com,"450 Post St, San Francisco, CA 94102, United States",https://www.google.com/maps/place/Ula+Restaurant+%26+Tapas+Bar/data=!4m7!3m6!1s0x808581d5bf687bbb:0x572122ee1b0acc5d!8m2!3d37.7883413!4d-122.4093607!16s%2Fg%2F11rdhdd4hh!19sChIJu3tov9WBhYARXcwKG-4iIVc?authuser=0&hl=en&rclk=1
Liholiho Yacht Club,4.7,1657,113242108983,lycsf.com,"871 Sutter St, San Francisco, CA 94109, United States",https://www.google.com/maps/place/Liholiho+Yacht+Club/data=!4m7!3m6!1s0x8085809226a75491:0xb16e391a9d832609!8m2!3d37.7882263!4d-122.4146051!16s%2Fg%2F11b6zs699v!19sChIJkVSnJpKAhYARCSaDnRo5brE?authuser=0&hl=en&rclk=1
Angler,4.5,836,+1 415-872-9442,anglerrestaurants.com,"132 The Embarcadero, San Francisco, CA 94105, United States",https://www.google.com/maps/place/Angler/data=!4m7!3m6!1s0x8085816b28604481:0xe468fdde044a8930!8m2!3d37.7930864!4d-122.392181!16s%2Fg%2F11gjq1yg67!19sChIJgURgKGuBhYARMIlKBN79aOQ?authuser=0&hl=en&rclk=1
Ristorante Milano,4.6,378,+1 415-673-2961,milanosf.com,"1448 Pacific Ave, San Francisco, CA 94109, United States",https://www.google.com/maps/place/Ristorante+Milano/data=!4m7!3m6!1s0x808580ebfab1c08b:0x555354339b2b61e6!8m2!3d37.7954508!4d-122.4190883!16s%2Fg%2F1w96gzcp!19sChIJi8Cx-uuAhYAR5mErmzNUU1U?authuser=0&hl=en&rclk=1
Perbacco,4.4,928,+1 415-955-0663,perbaccosf.com,"230 California St, San Francisco, CA 94111, United States",https://www.google.com/maps/place/Perbacco/data=!4m7!3m6!1s0x808580619a152f37:0xce1170dbff385f40!8m2!3d37.7934333!4d-122.3993139!16s%2Fm%2F04fh_l3!19sChIJNy8VmmGAhYARQF84_9twEc4?authuser=0&hl=en&rclk=1
Frascati,4.7,370,+1 415-928-1406,frascatisf.com,"1901 Hyde St, San Francisco, CA 94109, United States",https://www.google.com/maps/place/Frascati/data=!4m7!3m6!1s0x808580e9283fb499:0xac8f6a5634075c3f!8m2!3d37.7983718!4d-122.4190744!16s%2Fg%2F1tmpf4m_!19sChIJmbQ_KOmAhYARP1wHNFZqj6w?authuser=0&hl=en&rclk=1
Harris' Restaurant - The San Francisco Steakhouse,4.6,1251,+1 415-673-1888,harrisrestaurant.com,"2100 Van Ness Ave, San Francisco, CA 94109, United States",https://www.google.com/maps/place/Harris%27+Restaurant+-+The+San+Francisco+Steakhouse/data=!4m7!3m6!1s0x808580e9f67d1f2f:0xec7c31479005259b!8m2!3d37.7950165!4d-122.4229973!16s%2Fg%2F1yl45sbf6!19sChIJLx999umAhYARmyUFkEcxfOw?authuser=0&hl=en&rclk=1
Roma Antica,4.5,1402,+1 415-896-4281,romasf.com,"3242 Scott St, San Francisco, CA 94123, United States",https://www.google.com/maps/place/Roma+Antica/data=!4m7!3m6!1s0x808580d6a05e160d:0xa809b3c1f3ec44c3!8m2!3d37.7998895!4d-122.4409673!16s%2Fg%2F11c80bw832!19sChIJDRZeoNaAhYARw0Ts88GzCag?authuser=0&hl=en&rclk=1
ROOFTOP 25,4.3,1071,+1 415-495-5875,25lusk.com,"25 Lusk St, San Francisco, CA 94107, United States",https://www.google.com/maps/place/ROOFTOP+25/data=!4m7!3m6!1s0x808f7fd640263903:0xf813d8d02ecda3b3!8m2!3d37.7784685!4d-122.3943108!16s%2Fg%2F1txy2l0t!19sChIJAzkmQNZ_j4ARs6PNLtDYE_g?authuser=0&hl=en&rclk=1
Benu,4.7,646,+1 415-685-4860,benusf.com,"22 Hawthorne St, San Francisco, CA 94105, United States",https://www.google.com/maps/place/Benu/data=!4m7!3m6!1s0x8085807daa163a49:0xeabe8c21da872bd4!8m2!3d37.7855007!4d-122.3990397!16s%2Fm%2F0x2t1w6!19sChIJSToWqn2AhYAR1CuH2iGMvuo?authuser=0&hl=en&rclk=1
Flour + Water,4.5,1602,+1 415-826-7000,flourandwater.com,"2401 Harrison St, San Francisco, CA 94110, United States",https://www.google.com/maps/place/Flour+%2B+Water/data=!4m7!3m6!1s0x808f7e375e82560d:0x672c242d518603e0!8m2!3d37.7589398!4d-122.4122858!16s%2Fm%2F0bd64xp!19sChIJDVaCXjd-j4AR4AOGUS0kLGc?authuser=0&hl=en&rclk=1
Chez Maman East,4.7,1494,+1 415-655-9542,chezmamanrestos.com,"1401 18th St, San Francisco, CA 94107, United States",https://www.google.com/maps/place/Chez+Maman+East/data=!4m7!3m6!1s0x1532f63595a49fdd:0xac59d1857e129a53!8m2!3d37.7624657!4d-122.3968045!16s%2Fg%2F1yl48gfz5!19sChIJ3Z-klTX2MhURU5oSfoXRWaw?authuser=0&hl=en&rclk=1
Pacific Catch,4.5,1001,+1 415-440-1950,pacificcatch.com,"2027 Chestnut St, San Francisco, CA 94123, United States",https://www.google.com/maps/place/Pacific+Catch/data=!4m7!3m6!1s0x808580d7481293a5:0x72e362536fe79765!8m2!3d37.8006102!4d-122.4366865!16s%2Fm%2F04fjlkc!19sChIJpZMSSNeAhYARZZfnb1Ni43I?authuser=0&hl=en&rclk=1
Surisan,4.5,1821,+1 415-771-8449,surisansf.com,"505 Beach St, San Francisco, CA 94133, United States",https://www.google.com/maps/place/Surisan/data=!4m7!3m6!1s0x808580e3ef0f755d:0xcff30a7ad296edbf!8m2!3d37.8067911!4d-122.417499!16s%2Fg%2F11ddxtyxbp!19sChIJXXUP7-OAhYARv-2W0noK888?authuser=0&hl=en&rclk=1
Blind Butcher,4.3,337,+1 415-529-2478,blindbutcher.com,"4058 18th St A, San Francisco, CA 94114, United States",https://www.google.com/maps/place/Blind+Butcher/data=!4m7!3m6!1s0x808f7f1f60abe1d9:0x231a9b0031316d43!8m2!3d37.7611311!4d-122.4341746!16s%2Fg%2F11h1hr_1p0!19sChIJ2eGrYB9_j4ARQ20xMQCbGiM?authuser=0&hl=en&rclk=1
Zuni Café,4.4,2298,+1 415-552-2522,zunicafe.com,"1658 Market St, San Francisco, CA 94102, United States",https://www.google.com/maps/place/Zuni+Caf%C3%A9/data=!4m7!3m6!1s0x8085809fabbdbb3b:0x9f78fd6bc9972489!8m2!3d37.7736!4d-122.421608!16s%2Fm%2F01zpfx5!19sChIJO7u9q5-AhYARiSSXyWv9eJ8?authuser=0&hl=en&rclk=1
Fog City,4.3,1282,+1 415-982-2000,fogcitysf.com,"1300 Battery St, San Francisco, CA 94111, United States",https://www.google.com/maps/place/Fog+City/data=!4m7!3m6!1s0x808580f62c132361:0xbd32b29e94839015!8m2!3d37.8035212!4d-122.4018398!16zL20vMGRrMjhq!19sChIJYSMTLPaAhYARFZCDlJ6yMr0?authuser=0&hl=en&rclk=1
Cesario's,4.2,1018,+1 415-441-9898,italiansf.com,"601 Sutter St, San Francisco, CA 94102, United States",https://www.google.com/maps/place/Cesario%27s/data=!4m7!3m6!1s0x8085808e7e924623:0x964ecf9b3148604!8m2!3d37.7888656!4d-122.4105218!16s%2Fm%2F04fhxf1!19sChIJI0aSfo6AhYARBIYUs_nsZAk?authuser=0&hl=en&rclk=1
The Stinking Rose,4.2,4147,+1 415-781-7673,thestinkingrose.com,"430 Columbus Ave, San Francisco, CA 94133, United States",https://www.google.com/maps/place/The+Stinking+Rose/data=!4m7!3m6!1s0x808580f38b929d5b:0xf78790e8d70230fa!8m2!3d37.7991021!4d-122.4081675!16s%2Fg%2F1jkxkky_k!19sChIJW52Si_OAhYAR-jAC1-iQh_c?authuser=0&hl=en&rclk=1
Nightbird,4.6,207,+1 415-829-7565,nightbirdrestaurant.com,"330 Gough St, San Francisco, CA 94102, United States",https://www.google.com/maps/place/Nightbird/data=!4m7!3m6!1s0x80858098b84f37cb:0x61448606471aba68!8m2!3d37.7765173!4d-122.4227968!16s%2Fg%2F11cmxz0mgr!19sChIJyzdPuJiAhYARaLoaRwaGRGE?authuser=0&hl=en&rclk=1
Betty Lou's Seafood & Grill,4.6,1068,+1 415-757-0569,bettyloussf.com,"318 Columbus Ave, San Francisco, CA 94133, United States",https://www.google.com/maps/place/Betty+Lou%27s+Seafood+%26+Grill/data=!4m7!3m6!1s0x808580f475c473ed:0x17b65039e88b4ca6!8m2!3d37.7982457!4d-122.4070005!16s%2Fg%2F11c2kjsn8v!19sChIJ7XPEdfSAhYARpkyL6DlQthc?authuser=0&hl=en&rclk=1
Wayfare Tavern,4.5,2603,+1 415-772-9060,wayfaretavern.com,"558 Sacramento St, San Francisco, CA 94111, United States",https://www.google.com/maps/place/Wayfare+Tavern/data=!4m7!3m6!1s0x8085808a62f79413:0x3754c526852815b7!8m2!3d37.7939998!4d-122.4023375!16s%2Fg%2F1tzgpfsc!19sChIJE5T3YoqAhYARtxUohSbFVDc?authuser=0&hl=en&rclk=1
Lapisara Eatery,4.7,1607,+1 415-655-3556,lapisaraeatery.com,"698 Post St, San Francisco, CA 94109, United States",https://www.google.com/maps/place/Lapisara+Eatery/data=!4m7!3m6!1s0x80858091fb73739f:0x8811b346b81e0fe2!8m2!3d37.7878492!4d-122.4132306!16s%2Fg%2F11gggstm0l!19sChIJn3Nz-5GAhYAR4g8euEazEYg?authuser=0&hl=en&rclk=1
Absinthe Brasserie & Bar,4.4,1693,+1 415-551-1590,absinthe.com,"398 Hayes St, San Francisco, CA 94102, United States",https://www.google.com/maps/place/Absinthe+Brasserie+%26+Bar/data=!4m7!3m6!1s0x8085809895883fd5:0x592c2acea68c6fe6!8m2!3d37.7771042!4d-122.4227403!16s%2Fg%2F1tgnrx1c!19sChIJ1T-IlZiAhYAR5m-Mps4qLFk?authuser=0&hl=en&rclk=1
Luisa's Restaurant Wine Bar Since 1959,4.6,897,+1 415-872-9638,luisasrestaurantwinebarsince1959.com,"759 Columbus Ave, San Francisco, CA 94133, United States",https://www.google.com/maps/place/Luisa%27s+Restaurant+Wine+Bar+Since+1959/data=!4m7!3m6!1s0x808581157876a4a7:0xab1c8e06771ee36a!8m2!3d37.8016259!4d-122.4123484!16s%2Fg%2F11hdqw1fqy!19sChIJp6R2eBWBhYARauMedwaOHKs?authuser=0&hl=en&rclk=1
The Bite,4.7,616,+1 415-757-0414,thebitesf.com,"996 Mission St, San Francisco, CA 94103, United States",https://www.google.com/maps/place/The+Bite/data=!4m7!3m6!1s0x808581989d29813b:0x12afb7f6a9632a72!8m2!3d37.7812916!4d-122.4085956!16s%2Fg%2F11q2xl945f!19sChIJO4EpnZiBhYARcipjqfa3rxI?authuser=0&hl=en&rclk=1
AltoVino,4.7,330,+1 415-529-2435,altovinosf.com,"1358 Mason St, San Francisco, CA 94133, United States",https://www.google.com/maps/place/AltoVino/data=!4m7!3m6!1s0x808580f261344b09:0xec63b1becc456347!8m2!3d37.7962024!4d-122.4114906!16s%2Fg%2F11f3y3bfkd!19sChIJCUs0YfKAhYARR2NFzL6xY-w?authuser=0&hl=en&rclk=1
Camino Alto,4.7,287,+1 415-441-2111,caminoaltosf.com,"1715 Union St, San Francisco, CA 94123, United States",https://www.google.com/maps/place/Camino+Alto/data=!4m7!3m6!1s0x80858130c7d03995:0x18db8556f5432d05!8m2!3d37.7979929!4d-122.427621!16s%2Fg%2F11sgdt86kj!19sChIJlTnQxzCBhYARBS1D9VaF2xg?authuser=0&hl=en&rclk=1
Bistro Central Parc Restaurant,4.5,409,+1 415-525-3064,bistrocentralparcsf.com,"560 Central Ave, San Francisco, CA 94117, United States",https://www.google.com/maps/place/Bistro+Central+Parc+Restaurant/data=!4m7!3m6!1s0x808580b28d70f7f1:0x8b18611019cdb547!8m2!3d37.7750282!4d-122.4443817!16s%2Fg%2F1tnpl6w8!19sChIJ8fdwjbKAhYARR7XNGRBhGIs?authuser=0&hl=en&rclk=1
Roka Akor - San Francisco,4.6,1219,+1 415-362-8887,rokaakor.com,"801 Montgomery St, San Francisco, CA 94133, United States",https://www.google.com/maps/place/Roka+Akor+-+San+Francisco/data=!4m7!3m6!1s0x808581281ce6ce4b:0xbe12a60aff36f188!8m2!3d37.7964701!4d-122.4037235!16s%2Fg%2F11h89k53xg!19sChIJS87mHCiBhYARiPE2_wqmEr4?authuser=0&hl=en&rclk=1
Aliment,4.3,692,+1 415-829-2737,alimentsf.com,"786 Bush St, San Francisco, CA 94108, United States",https://www.google.com/maps/place/Aliment/data=!4m7!3m6!1s0x8085808dcbf12087:0x6bf7d35641b323f1!8m2!3d37.7901405!4d-122.4102139!16s%2Fg%2F11bbw_cmjp!19sChIJhyDxy42AhYAR8SOzQVbT92s?authuser=0&hl=en&rclk=1
Bix,4.5,1111,+1 415-433-6300,bixrestaurant.com,"56 Gold St, San Francisco, CA 94133, United States",https://www.google.com/maps/place/Bix/data=!4m7!3m6!1s0x808580f538199d0d:0xcba0a2e0fa5d9191!8m2!3d37.7968712!4d-122.4029298!16s%2Fg%2F1th87bxw!19sChIJDZ0ZOPWAhYARkZFd-uCioMs?authuser=0&hl=en&rclk=1
Nopalito,4.3,1899,+1 415-437-0303,nopalitosf.com,"306 Broderick St, San Francisco, CA 94117, United States",https://www.google.com/maps/place/Nopalito/data=!4m7!3m6!1s0x808580ae587adc59:0xe6e386ac00f01272!8m2!3d37.7732851!4d-122.4389738!16s%2Fg%2F1tcx_1cb!19sChIJWdx6WK6AhYARchLwAKyG4-Y?authuser=0&hl=en&rclk=1
California Fish Market Restaurant,4.5,340,+1 415-757-0918,cafishmarketrestaurant.com,"550 Green St, San Francisco, CA 94133, United States",https://www.google.com/maps/place/California+Fish+Market+Restaurant/data=!4m7!3m6!1s0x808581e7a2b9d85d:0x3c8c2415e7383206!8m2!3d37.7997293!4d-122.4082929!16s%2Fg%2F11jbcwght7!19sChIJXdi5oueBhYARBjI45xUkjDw?authuser=0&hl=en&rclk=1